text,source
Science For All The weekly newsletter from science writers takes the jargon out of science and puts the fun in!,trusted
"क्षेत्रीय समीकरण, जातीय गणित या नया फेस... ये फैक्टर तय करेंगे दिल्ली में बीजेपी का अगला CM

दिल्ली में प्रचंड जीत के बाद बीजेपी ने अगला मुख्यमंत्री तय करने की कवायद शुरू कर दी है. इस बार पार्टी को लगभग हर वर्ग और हर क्षेत्र से वोट मिला है और ऐसे में मुख्यमंत्री का नाम तय करते वक्त सभी...",trusted
"Bihar DElEd Exam 2025: Last date to apply extended to 15th February

Kerala to develop state-owned AI engine for schools in 2025

UPSC CSE 2025 prelims registration deadline extended to February 18, check official notice here

Top 3 Law schools in the US: From their acceptance rate to tuition, all you need to know

Who are BIPOC students, and how can they get scholarships for college admission?

9 Toppers’ Secrets to Scoring 90% Plus in Board Exams",trusted
"Picks for you

Sign in

Sign in for personalised stories in your briefing and news feed",trusted
